{
  "code" : 200,
  "data" : [
    {
      "name" : "a",
      "email" : "a@a.com",
      "id" : 321,
      "as_report_admin" : [
        {
          "name" : "report1",
          "id" : "123"
        },
        {
          "name" : "report2",
          "id" : "124"
        },
        {
          "name" : "report3",
          "id" : "125"
        }
      ],
      "as_report_viewer" : [
        {
          "name" : "report4",
          "id" : "126"
        },
        {
          "name" : "report5",
          "id" : "127"
        }
      ]
    },
    {
      "name" : "b",
      "email" : "b@b.com",
      "id" : 567,
      "as_report_admin" : [
        {
          "name" : "report1",
          "id" : "123"
        },
        {
          "name" : "report2",
          "id" : "124"
        },
        {
          "name" : "report3",
          "id" : "125"
        }
      ],
      "as_report_viewer" : [
        {
          "name" : "report4",
          "id" : "126"
        },
        {
          "name" : "report5",
          "id" : "127"
        }
      ]
    },
    {
      "name" : "c",
      "email" : "c@c.com",
      "id" : 908,
      "as_report_admin" : [
        {
          "name" : "report1",
          "id" : "123"
        },
        {
          "name" : "report2",
          "id" : "124"
        },
        {
          "name" : "report3",
          "id" : "125"
        }
      ],
      "as_report_viewer" : [
        {
          "name" : "report4",
          "id" : "126"
        },
        {
          "name" : "report5",
          "id" : "127"
        }
      ]
    }
  ]
}