{
  "code" : 200,
  "data" : [
    {
      "name" : "you",
      "id" : "12",
      "users" : [
        {
          "name" : "jon",
          "email" : "1@1.com",
          "id" : "12"
        },
        {
          "name" : "jon",
          "email" : "1@1.com",
          "id" : "12"
        },
        {
          "name" : "jon",
          "email" : "1@1.com",
          "id" : "12"
        }
      ],
      "reports" : [
        {
          "name" : "baode",
          "id" : "44",
          "app" : "444"
        }
      ]
    },
    {
      "name" : "fei",
      "id" : "198",
      "users" : [
        {
          "name" : "jon",
          "email" : "1@1.com",
          "id" : "12"
        },
        {
          "name" : "jon",
          "email" : "1@1.com",
          "id" : "12"
        },
        {
          "name" : "jon",
          "email" : "1@1.com",
          "id" : "12"
        }
      ],
      "reports" : [
        {
          "name" : "bao",
          "id" : "11",
          "app" : "111"
        }
      ]
    },
    {
      "name" : "guo",
      "id" : "46412",
      "users" : [
        {
          "name" : "jon",
          "email" : "1@1.com",
          "id" : "12"
        },
        {
          "name" : "jon",
          "email" : "1@1.com",
          "id" : "12"
        },
        {
          "name" : "jon",
          "email" : "1@1.com",
          "id" : "12"
        }
      ],
      "reports" : [
        {
          "name" : "baoDS",
          "id" : "33",
          "app" : "333"
        }
      ]
    }
  ]
}