{
  "appId" : 232,
  "appName" : "fsfs",
  "reportName" : "mb",
  "reportDescription" : "fdsf",
  "dimension" : [
    "date",
    "dimension",
    "dimentsion2"
  ],
  "filter" : [
    "filter1",
    "filter2"
  ],
  "value" : [
    "va1",
    "va2",
    "va3"
  ],
  "beginTime" : 454545,
  "endTime" : 65456456,
  "reports" : [
    {
      "date" : 454353,
      "dimension" : [
        "die1",
        "dei2"
      ],
      "value" : [
        "v1",
        "v2"
      ]
    },
    {
      "date" : 87678687,
      "dimension" : [
        "die1",
        "dei2"
      ],
      "value" : [
        "v1",
        "v2"
      ]
    },
    {
      "date" : 12312312,
      "dimension" : [
        "die1",
        "dei2"
      ],
      "value" : [
        "v1",
        "v2"
      ]
    }
  ]
}