{
  "msg" : "",
  "code" : 200,
  "data" : [
    {
      "appId" : 12,
      "appName" : "ddg",
      "reports" : [
        {
          "id" : 23,
          "name" : "report1"
        },
        {
          "id" : 45,
          "name" : "report2"
        },
        {
          "id" : 76,
          "name" : "report3"
        }
      ]
    },
    {
      "appId" : 15,
      "appName" : "pig",
      "reports" : [
        {
          "id" : 23,
          "name" : "report1"
        },
        {
          "id" : 45,
          "name" : "report2"
        },
        {
          "id" : 76,
          "name" : "report3"
        }
      ]
    }
  ]
}