{
  "msg" : "",
  "code" : 200,
  "data" : [
    {
      "time" : "2014-06-4",
      "account" : {
        "email" : "4@3.com",
        "id" : "342",
        "name" : "alis"
      },
      "operation" : "创建了一个账号",
      "IP" : "192.168.0.1"
    },
    {
      "time" : "2014-06-4",
      "account" : {
        "email" : "4@3.com",
        "id" : "342",
        "name" : "der"
      },
      "operation" : "删除了账号",
      "IP" : "192.168.0.1"
    },
    {
      "time" : "2014-06-4",
      "account" : {
        "email" : "4@3.com",
        "id" : "342",
        "name" : "阿达"
      },
      "operation" : "非法操作",
      "IP" : "192.168.0.1"
    }
  ]
}